username,dob,message
"САРМУХАМБЕТОВ Мейржан Бауыржанович","2017-11-01","С днем рождения, Мейржан!"
"КУТТЫМУРАТОВ Тимур Муратович","2017-11-01","С днем рождения, Тимур!"
"ДЖАФАРОВ Рафик","2000-11-04","С прошедшим днем рождения, Рафик!"
"КОЙШЫКУЛОВА Нурия Идрисовна","2000-11-06","С днем рождения, Нурия!"
"САРСЕЕВА Мира Куанышбаевна","2000-11-07","С днем рождения, Мира!"
"СУЛТАНБАЙУЛЫ Бауржан","2000-11-08","С днем рождения, Бауржан!"
"СМАГУЛОВ Рауан Смагулұлы","2000-11-09","С днем рождения, Рауан!"
"ШАЛАБЕКОВ Нурзат Алимжанович","2000-11-11","С днем рождения, Нурзат!"
"ДЕБЕЛЫХ Махинур Якупжановна","2000-11-18","С днем рождения, Махинур!"
"САМИГУЛЛИН Радик Касимович","2000-11-20","С днем рождения, Радик!"
"АБИЛЬГАЗИЕВ Нуржан Ергалиулы","2000-11-22","С днем рождения, Нуржан!"
"КАРШАЛОВ Ренат","2000-11-25","С днем рождения, Ренат!"
"ИБРАГИМОВ Ербол Бекетұлы","2000-11-27","С днем рождения, Ербол!"
"Кулакова Гаухар","2000-12-01","С днем рождения, Гаухар!"
"ШЛЁНСКИЙ Евгений Николаевич","2000-12-11","С днем рождения, Евгений!"
"АДИЛОВ Рустам Тимирович","2000-12-21","С днем рождения, Рустам!"
"ШЕРЗАЙ Ариан Некович","2000-12-27","С днем рождения, Ариан!"
"БАЛУАНОВА Айнур Нурболатовна","2000-12-24","С днем рождения, Айнур!"
"КОККУЗОВ Жасулан Муратович","2000-12-25","С днем рождения, Жасулан!"
"МАНАТОВ Данияр Еркінұлы","2000-12-27","С днем рождения, Данияр!"
"БЕКСУЛТАНОВ Арман Бектурсынович","2000-01-01","С днем рождения, Арман!"
"ЮГАЙ Федор Станиславович","2000-01-02","С днем рождения, Федор!"
"АЛДАКЕН Жамиля Жуасбекқызы","2000-01-08","С днем рождения, Жамиля! #интересныефакты Алдакен Жамиля кем только не мечтала стать в детстве: и каскадером, и хореографом, и кондитером, и дальнобойщиком. Увлекается чтением книг, прогулками на велосипедах, бегом и кулинарией. Болеет за футбольный клуб Ливерпуль! Коллекционирует яркие воспоминания. Любит работу за то, что она держит в тонусе, много интересной информации, классные коллеги. В свою очередь, классные коллеги желают тебе развивать и дальше свои таланты, оставаться таким же разносторонним человеком и исполнения всех твоих заветных желаний."
"КУРАБАЕВ Мади Тойлыбекұлы","2000-01-08","С днем рождения, Мади! #интересныефакты Курабаев Мади хочет жить в Нью-Йорке, болеет за футбольный клуб Кайрат, в детстве мечтал стать банкиром и наверно из-за этого его любимой книгой является “Богатый папа, бедный папа”. Любит работу за коллектив. А коллектив обожает свою работу за Мади, желает крепкого здоровья, семейного благополучия, успехов в работе и готов поддержать в любую минуту."
"ЕМЕЛЬЯНОВ Вячеслав Андреевич","2000-01-10","С днем рождения, Вячеслав! #интересныефакты Емельянов Вячеслав на день рождения хотел бы получить машину. А нравится ему TOYOTA, имейте в виду. В детстве хотел стать космонавтом. Мастер и Маргарита, которая дает пищу для размышления, является его любимой книгой. Коллекционирует валюты мира. Хотел бы жить в Лондоне. Коллеги желают тебе исполнить свою мечту и побывать в космосе, благо в 21 веке это вполне осуществимая мечта. "
"НУРКИЕВ Толеген Дарханович","2000-01-16","С днем рождения, Толеген! #интересныефакты Нуркиев Толеген считает своим кумиром Бауыржана Момышулы! В свободное время занимается судейством футбольных матчей и сам болеет за Реал Мадрид. Был бы не прочь попробовать поработать в отделе Киберспорта. Любит свою работу за хороший коллектив и желает нам всем и нашим близким здоровья! Мы желаем тебе успехов во всех твоих начинаниях и возлагаем на тебя большие надежды!"
"ТУРАРОВА Ажар Темиржановна","2000-01-16","С днем рождения, Ажар! #интересныефакты Турарова Ажар в детстве мечтала стать певицей, в подарок хочет получить путевку в США и наверное остаться жить в Лос-Анджелесе. Хочет развиваться в сфере IT-технологий и работать в отделе хоккея. Болеет за баскетбольный клуб Golden State Warriors. Коллеги благодарны тебе за отличную работу и желают исполнения всех желаний. Никогда не сдавайся, будь всегда на позитиве!"
"ИСЕНЕВА Индира Нурлановна","2000-01-18","С днем рождения, Индира! #интересныефакты Исенева Индира увлекается кроссфитом, и поэтому своим кумиром считает Эрнестину Шепард (80-летнюю культуристку), коллекционирует валюты других стран, стеклянные шарики со снегом внутри (с разными персонажами/с домиками/со снеговиками и т.д). Любит слушать инди-рок, альтернативный-рок. Если бы оказалась на необитаемом острове, рядом хотела бы видеть Жансерика, Жазиру, Жанару, Макса и Шолпан. Пусть этот день будет самым счастливым для тебя. Желаем тебе всех благ!"
"БЕГАЛИЕВА Бахытгуль Энгельсовна","2000-01-20","С днем рождения, Бахытгуль! #интересныефакты Бегалиева Бахытгуль предпочитает музыку в жанре поп, рок, поп-рок, рэп, в детстве занималась гимнастикой, хотела бы жить в Ванкувере, любимый сериал Доктор-Хаус, нравятся машины марки Ferrari и Volkswagen. Мы желаем Вам исполнения всех заветных желаний, стать обладательницей огромного количества денег, успехов, здоровья и процветания."
"УЗДЕНОВ Рантик Риджауддинович","2000-01-20","С днем рождения, Рантик! #интересныефакты Узденов Рантик считает своим кумиром Нурсултана Абишевича Назарбаева. На день рождения хочет получить машину времени. Болеет за Анжи. Хотел бы жить в Новой Зеландии. Крайне увлечен сменами и уверен, что у него отсутствуют недостатки и достоинства. Любимым фильмом является “Дом”. В детстве мечтал стать диджеем. Желаем, чтобы у тебя в жизни было все… И ожидаемые приятности, и приятные неожиданности!"
"КАЛИКОВ Максат Турысбекович","2000-01-22","С днем рождения, Максат! #интересныефакты Каликов Максат оказавшись на необитаемом острове, хотел бы видеть рядом Нурлана, Радика, Акимжана (ум, сила) Жамилу(ум, организация) Акнур (ум, организация,  может докричатся до кораблей и самолетов:)) На день рождения хотел бы получить ПОЛЕЗНЫЙ подарок. Любимая книга “Множественные умы Билли Миллигана”, потому что реальная и удивительная история о возможностях мозга человека. Коллекционирует монетки. Хотел бы жить в Лос-Анджелесе. Мы желаем тебе купить полезный Lexus, победить на всех интеллектуальных играх, найти себя в искусстве и чтоб на твоих сменах не было тех.неполадок!"
"БЕРКУТБАЙ Әкімжан Бауыржанұлы","2000-01-23","С днем рождения, Акимжан! #интересныефакты Беркутбай Акимжан коллекционирует игрушечные машины для сына, в детстве хотел стать пилотом, кумиром считает своего Деда. На день рождения хотел бы получить билет на финал ЛЧ (если играть будет в финале его любимая команда Real Madrid). Нравятся машины марки Mercedes. Желаем тебе успехов, семейного благополучия и всегда оставаться таким же добрым и скромным!"
"ЛИ Виктория Вячеславовна","2000-01-26","С днем рождения, Виктория! #интересныефакты Ли Виктория хотела стать в детстве судмедэкспертом, в подарок хотела бы получить кругосветное путешествие, хотела бы жить в Калифорнии, любимая книга Маргарет Митчелл Унесенные ветром, болеет за футбольный клуб Chelsea, увлекается маникюром. Желаем всего самого наилучшего, прекрасного, отправиться в кругосветное путешествие в хорошей компании."
"НАЗАРОВА Мадина Божбанбаевна","2000-01-26","С днем рождения, Мадина! #интересныефакты Назарова  Мадина в детстве мечтала стать продавщицей, певицей, учителем, президентом и занималась танцами и легкой атлетикой. Болеет за ФК Ордабасы и коллекционирует игрушки киндера. Любит работу за  дружный коллектив,  возможности которые даются для личностного роста. Хотела бы жить в Токио, Шымкенте или Кентау! Мы желаем тебе денег, много денег, здоровья и огромного женского счастья!"
"ДАУРЕНБЕКОВ Алмат Маратулы","2000-01-29","С днем рождения, Алмат! #интересныефакты Дауренбеков Алмат слушает лирику, оперу, рэп, любит читать книги и рисовать, любимыми книгами являются Богатый папа, Бедный папа. Властелин колец, Абай жолы, в детстве хотел стать летчиком. Желаем тебе обрести счастье, благополучие, отправиться в кругосветное путешествие, купить машину мечты."
"МАМУНОВ Жандос Булатулы","2000-02-04","С днем рождения, Жандос! #интересныефакты Жандос Мамунов считает своим кумиром Н Теслу, М. Цукерберга,  Д. Безоса. Любимые марки автомобиля Bentley, Rolls-Royce. Любимые книги Екінші болма (автор Қуаныш Шонбай) и Трансформатор. В детстве коллекционировал разные вещи: наклейки, асык, фишки и слушает абсолютно все жанры музыки. Мы желаем тебе достичь успехов во всех сферах, быть всегда первым и конечно же самым счастливым!" 
"АИПОВ Дархан Генератович","2000-02-05","С днем рождения, Дархан! #интересныефакты Аипов Дархан в детстве мечтал стать полицейским! Если бы оказался на необитаемом острове, взял бы с собой аналитиков! Любит свою работу, потому что получает  от нее удовольствие. Любимой книгой является Жестокий Век И.Калашникова, история и жизнь простых степных народов. На день рождения хочет получить толстовку, болеет за ФК Барселона и хочет жить в Лос-Анджелесе!  Мы желаем чтобы в твоей коллекции моментов жизни, было больше ярких и незабываемых дней! Счастья и благополучия тебе и твоей прекрасной семье. "
"ИСАБАЕВ Алмас Кайратулы","2000-02-11","С днем рождения, Алмас! #интересныефакты Исабаев Алмас в детстве мечтал стать футболистом и считает своим кумиром И. Маска. Трудолюбивость, честность и заботливость считает своими достоинствами, а нетерпеливость. назойливость и громкие разговоры своими недостатками.  Если бы оказался на необитаемом острове, хотел бы видеть рядом веселую компанию в лице Дархана, Ерасыла, Жамили, Андрея, Амины. В свободное время любит читать и смотреть процессы машиностроения. Пусть твоя доброта, отзывчивость и трудолюбие принесут тебе все самое лучшее в жизни. "
"ҚАРСЫБАЕВ Ерасыл Таурбекулы","2000-02-14","С днем рождения, Ерасыл! #интересныефакты Карсыбаев Ерасыл увлекается музыкой и фотографиями и коллекционирует часы.  Хотел бы жить в Барселоне и болеет за ФК Барселону. Хотел бы развиваться в сфере аналитики и считает своим кумиром Илона Маска. Мы желаем тебе больших успехов и чтобы ты получил свой тот самый необычный и креативный подарок на день рождения. Крепкого тебе здоровья и больших вдохновений для красивых фотографий!"
"ИСЛАМ Кайрат","2000-02-16","С днем рождения, Кайрат!#интересныефакты Ислам Кайрат в детстве мечтал стать космонавтом и занимался футболом, каратэ и боксом. На день рождения хотел бы получить в подарок Iphone X и развиваться в науке. Любимая книга - Мастер и Маргарита потому что здесь зло не дьявол, а люди. Кайрат желает Чтоб у всех все было хорошо, и относились к делу ответственно. Мы желаем тебе сил и вдохновения, чтобы ты попал в свой город мечты - Оттаву и коллекционировал самые яркие воспоминания!"
"ШАХИТБЕКОВА Жазира Муратбековна","2000-02-16","С днем рождения, Жазира!#интересныефакты Шахитбекова Жазира хотела бы в подарок на свой день рождения получить путевку на остров Мадагаскар. Любит бывать в горах, фотографировать пейзажи, слушать музыку и играть на музыкальных инструментах, особенно на домбре. Болеет за ХК Барыс и ФК Барселону. Хотела бы жить в Торонто, Сан-диего, Алматы. Жазира в детстве мечтала стать астронавтом. Мы желаем, чтобы ты находила время для всех своих увлечений и прожила яркую и насыщенную добрыми событиями жизнь!"
"КАЛИЕВА Диана Сериковна","2000-02-17","С днем рождения, Диана! #интересныефакты Калиева Диана в детстве мечтала стать Супер Звездой. Хотела бы развиваться в сфере общественной деятельности и получить в подарок квартиру, машину и шубу! Диана коллекционирует губные помады и желает жить в Токио! Мы желаем тебе большого женского счастья, чтобы рядом всегда были верные, честные и добрые люди! Будь всегда самой яркой!"
"МУРЗАБЕКОВ Рустам Вахитович","2000-02-20","С днем рождения, Зелимхан! #интересныефакты Мурзабеков Зелимхан является седьмым ребенком в семье и в детстве мечтал стать лётчиком. Любимый фильм Крёстный отец, предпочитает музыку в стиле Рок и Диско. Если бы оказался на необитаемом острове, взял бы с собой Эдика, Рафика,  Жасика,  Ариана и одну сотрудницу с цуписа. В детстве занимался вольной борьбой и хотел бы в подарок получить Дом! Мы желаем тебе крепкого здоровья и достижения всех намеченных целей!"
"ӘБІЛҚАСЫМҰЛЫ Әлібек","2000-02-27","С днем рождения, Әлібек! #интересныефакты ӘБІЛҚАСЫМҰЛЫ Әлібек в детстве мечтал стать  IT специалистом,  хотел бы жить в Женеве. Болеет за  AC Milan, любимой книгой является Я Златан, из-за Златана Ибрагимовича. В своей работе ценит дружный коллектив и желает Всем добра и удачи. Мы в свою очередь желаем тебе больших успехов, хороших людей по жизни и большого человеческого счастья! "
"КАРАУЛОВА Перизат Ералиевна","2000-02-28","С днем рождения, Перизат! #интересныефакты Караулова Перизат увлекается визажем. Смешанные чувства- является любимым фильмом. В подарок хочет получить отдых на природе с мужем.  Болеет за ФК Бавария и из автомобилей ей нравятся Huindai Elantra,  Toyota Camry. Мы желаем тебе большого женского счастья,  ярких и добрых событий, и вечной любви! "
"ШАЙКУЛОВА Улбосын Базарбаевна","2000-03-04","С днем рождения, Улбосын! #интересныефакты Шайкулова Улболсын в детстве мечтала стать педиатром, активно играла в футбол и баскетбол. Сейчас болеет за команду, в которой играет Златан Ибрагимович. Коллекционирует Магнитики из фирмы Alsad  и наклейки от Барни, в подарок хотела бы получить Двушку в Saint Tropez, но мечтает жить в Чемолгане. Мы желаем тебе исполнения всех заветных и сокровенных желаний, пусть с тобой рядом всегда будут добрые, отзывчивые люди, наполняющие жизнь яркими и теплыми событиями!"
"ҮМБЕТАЛИЕВ Мейрам Болатұлы","2000-03-08","С днем рождения, Мейрам!#интересныефакты Умбеталиев Мейрам болеет за Juventus F.C. и кумиром считает К.Роналду. Коллекционирует прикольные фото, много читает и любит русские песни 80-х годов, в детстве мечтал стать космонавтом, хочет жить в Нью-Йорке. Считает своими достоинствами готовность всегда помогать, никогда не врать и широкий кругозор, а недостатками зависимость PS, готовность всегда помогать, никогда не врать. Мы желаем тебе, чтобы твои достоинства и недостатки оказывали тебе только хорошую службу, чтобы жизнь была наполнена счастьем, радостью и гармонией."
"ТЕНИЗБАЕВА Айгуль Наурызовна","2000-03-08","С днем рождения, Айгуль!#интересныефакты Тенизбаева Айгуль считает своим кумиром МАМУ, за справедливость, безграничную любовь, силу, мудрость и самопожертвование ради детей и близких! Еще моя ажека-мать героиня, родившая 10-детей , очень красивая, добрая, сильная  женщина которую не сломали испытания сложной жизни на тот период! Увлекается книгами, танцами, в последнее время танго, в музыке предпочитает альтернативный рок, современную классику, джаз . На день рождения хотела бы получить книгу (если угадают какую хочу, это будет лучший подарок). Мы искренне поздравляем Вас сегодня вдвойне, желаем крепкого здоровья и большого женского счастья. Пусть жизнь преподносит только приятные сюрпризы."
"КАСЫМБАЕВА Айнур Сыдыковна","2000-03-09","С днем рождения, Айнур! #интересныефакты Касымбаева Айнур любит слушать синти поп и инди рок, смотреть документальные фильмы, любимой книгой является “Калейдоскоп”, а Отступники  любимым фильмом. Хочет попробовать свои силы в сфере  аналитики и жить в Женеве.  Мы желаем тебе, чтобы все твои пожелания сбылись и ты была самой счастливой."
"ЖАЛГАСБАЕВ Есим Калдыбекович","2000-03-10","С днем рождения, Есим! #интересныефакты Жалгасбаев Есим в детстве мечтал стать машинистом, сейчас увлекается компьютерными играми и плаванием. Своим кумиром считает Флориана Товена и любит слушать классическую музыку. Любит работу за хороший коллектив и хотел бы получить в подарок именные часы Rolex. Мы желаем тебе крепкого здоровья, сил и стойкости, пусть все в жизни складывается наилучшим образом а рядом будут надежные и честные люди. "
"ДЮ Андрей Анатольевич","2000-03-30","С днем рождения, Андрей!#интересныефакты Доброй ночи, ребятки. Если вы это читаете, значит на дворе 30 марта. К сожалению, или к счастью, но ДР сегодня у меня. Так уж получилось. Дабы продолжить славную традицию интересных фактов о каждом из нас, напишу о себе немного сам. Итак, мне сегодня исполняется 27. Первая хорошая новость- я наконец-то откосил от армии :D Вторая, не очень блин хорошая, мне скоро 30! Я накосячил, когда заполнял анкету, которую составила Акнур, поэтому придется отвечать по новой. Итак, в детстве я мечтал стать учителем (или тренером), т.к. думал, что это круто. Уже не думаю. Начал увлекаться киберспортом еще до того, как это стало называться киберспортом. Успел немного поиграть в полупроф команде по Dota2. Если бы не завязал играть, возможно стал бы неплохим игроком. Кумир- Ф.Лэмпард, т.к. раньше занимался футболом и играл на похожей позиции. Но сейчас играю настолько отвратительно, что после последнего раза решил на футбол больше не ходить :D Слушаю разную музыку. Предпочтения- электронная, без слов, чтобы задавала ритм. Ну или сильный женский вокал. Люблю холодную погоду, люблю мерзнуть. Категорически не вегатерианец- люблю мясо. МНОГО МЯСА! А еще Ляйля касында отыр и говорит, что я люблю все повторять в слух. Да, я такой :D Книг прочел довольно много, но мне память не позволяет запоминать названия и авторов. Но помню, что прочел всю серию Гарри Поттера на одном дыхании. Полностью от и до. А еще мне нравятся сказки Андерсона, Джанни Родари, и сборник Джоэля Харриса Сказки дядюшки Римуса. Нравятся автомобили марки Роллс Ройс, Бугатти. Есть мечта, однажды купить Шевролет Камаро. Чтобы был весь такой сап-сары. С черными полосами по середине. На необитаемый остров взял бы тех, кто умеет вкусно готовить и не храпит ночью. Сплю обычно лицом вниз, т.к. по другому не получается уснуть. Есть небольшая коллекция кубиков рубика. Работа нравится, не знаю почему. Наверно из-за интереса к самому спорту. Мне нравится футбол, баскетбол, киберспорт, хоккей в какой то степени. Можно в режиме лайв прям в офисе быть в курсе всех событий спортивного мира и это круто. Люди тут приветливые, готовы прийти на помощь, если она нужна. С 2009 года пытаюсь разгадать секрет богатства,  но, как вы можете уже догадаться- ответа я пока не нашел :D Болею за футобльный недоклуб Челси, а так же персональный фанат Миракла (дотеры поймут). Фильмы не особо люблю, поэтому смотрю все, что попадется под руку. В этот день мне бы хотелось в свою очередь поздравить своего отца с ДР. Так уж вышло, что родился я с ним в один день. Хотел бы пожелать нам терпения, сил, здоровья. Мне чуть больше удачи, ему- духовного равновесия. Момент в жизни сейчас переломный, многое изменилось и еще изменится. Отдельное спасибо коллегам- надеюсь, я вас не сильно бешу/бесю. Если сильно- сорян, придется потерпеть :D "
"ЕСЕНБЕКОВ Жансерик Аманжолович","2000-04-01","С днем рождения, Жансерик!#интересныефакты Есенбеков Жансерик коллекционирует чеки и квитанции, в подарок хотел бы получить снайперскую винтовку, а в детстве мечтал стать доктором. Жансерик страстно болеет за футбольный клуб из Самары Крылья Советов и хотел бы приобрести себе свою любимую марку автомобиля Daewoo. Самым большим увлечением является перевод кислорода в углекислый газ. Мы желаем тебе всех благ, чтобы рядом были люди с отличным чувством юмора и много чистого кислорода!"
"ЕСПЕРОВ Даурен Даулетбакович","2000-04-02","С днем рождения, Даурен!#интересныефакты Есперов Даурен четко видит свои достоинствами честность, справедливость и ответственность, а недостатками плохую память, чрезмерную самоуверенность и нетерпеливость. Даурен увлекается, экстримом, катанием на лыжах и сноуборде, хайкингом, футболом и всеми видами активного отдыха. За жизненность и простоту любит книгу Орел и Решка, а свою работу за сплоченность и за перспективные цели в будущем. Мы желаем тебе успехов во всех твоих начинаниях, чтобы ты максимально развивал себя в сфере общественной деятельности и был безгранично счастливым человеком."
"БОГДАНОВ Павел Александрович","2000-04-05","С днем рождения, Павел!#интересныефакты Богданов Павел в детстве занимался бейсболом, является болельщиком Arsenal F.C. Фаворитом среди автомобилей  является Chevrolet Camarо. Увлекается книгами и путешествиями, хотел бы жить в Нью-Йорке, кумиром считает Жак Фреско. Павел желает своим коллегам Целеустремленности и выдержки,  как у героя Джека Лондона, а мы в свою очередь желаем тебе иметь безграничные возможности в сфере IT, прожить яркую, насыщенную, счастливую жизнь и в полной мере реализовать весь свой потенциал."
"МАЛКАЖДАРОВ Нурлан Муратович","2000-04-14","С днем рождения, Нурлан! #интересныефакты Малкаждаров Нурлан в подарок на день рождения хотел бы получить гитару, в детстве любимым видом спорта был бадминтоном, а сейчас футбол. Любимая книга - Послание в бутылке потому что это  лёгкая, в то же время красивая история без хэппи енда. Нурлан бы хотел проживать в городе Сьон, что находится на западе Швейцарии и развиваться в сфере IT. Мы искренне поздравляем тебя и желаем достигать всех своих больших целей,  построить крепкую и счастливую семью и много вдохновения для больших побед."
"АБИТОВ Мади Мукашевич","2000-04-16","С днем рождения, Мади! #интересныефакты Абитов Мади считает, что достоинства являются одновременно и недостатками, временами наличие их излишне, но все же к своим достоинствам  относит пунктуальность, прямолинейность и открытость. Это вполне объясняет его желание в детстве быть адвокатом. Мади коллекционирует парусные корабли и любимой книгой считает Искусство Войны Сунь Цзы, в которой подробно  описаны всех приемы и тактики ведения войны, которые в принципе очень даже применимы  как в повседневной жизни, так и на работе. Мы желаем тебе успехов во всех твоих начинаниях, чтобы твой генератор идей функционировал на полную мощность и конечно же большой, сказочной любви. "
"НУРТАЗА Роллан Алматулы","2000-04-18","С днем рождения, Роллан! #интересныефакты Нуртаза Роллан в подарок хотел бы получить оригинальные Nike Kobe A.D. или собрание своих любимых Книг о Гарри Поттере (все 7 частей в переводе от РОСМЭН). В детстве хотел стать хирургом и занимался такими видами спорта,  как спортивная гимнастика и баскетбол, а сейчас болеет за San Antonio Spurs (NBA). Являясь важной составляющей большого коллектива любит свою работу за свободу в действиях и возможность реализации собственных идей. Мы желаем тебе всегда быть в гармонии с собой и окружающим миром, реализовать себя во всем, что для тебя интересно и быть безгранично счастливым на 
протяжении всей жизни."
"ӘБДІМОМЫН Еркебулан Бекжанұлы","2000-04-20","С днем рождения, Еркебулан! #интересныефакты Абдимомын Еркебулан в детстве хотел стать врачом и занимался дзюдо, в свободное время любит смотреть фильмы, фаворитом является фильм  Человек, который изменил всё основанный на реальных событиях и повествующий о бейсбольной команде Окленд Атлетикс. Необитаемый остров рад был бы поделить с Ахметовым Жасуланом, Бакыткаримовым Жасуланом,  Ерасылом, Бахтияром и Сапаром. Мы желаем тебе перебороть свою  лень и достичь больших успехов во всем, чтобы ты искоренил и другие, как ты считаешь свои недостатки (осторожность и нерешительность) и прожил яркую, счастливую жизнь!"
"ЖҮНІС Меруерт Бауыржанқызы","2000-04-27","С днем рождения, Меруерт! #интересныефакты Жунис Меруерт увлекается рисованием и мечтала стать художницей еще в детстве.  Лучшим подарком для единственной именинницы этого месяца  был бы щенок.  Мика любит музыку в стиле  R'n'B (Ритм-энд-блюз) и любимой маркой автомобилей является BMW. Мы желаем тебе огромного женского счастья, крепкого здоровья, много ярких воспоминаний и больших побед."
"ГРИГОРЧУК Эдуард Сергеевич","2000-05-01","С днем рождения, Эдуард! #интересныефакты Григорчук Эдуард слушает любую музыку и увлекается звукорежиссурой. Хочет всегда жить в г.Алматы, болеет за ФК Кайрат и коллекционирует кепки. Любимым  фильмом является Пианист, а любимой книгой Крестный отец.  Мы искренне поздравляем тебя с твоим днем, желаем тебе и твоей семье крепкого здоровья, благополучия и сказочной жизни. "
"КАСЫМХАНОВ Бахтияр Жакамбайұлы","2000-05-02","С днем рождения, Бахтияр! #интересныефакты Касымханов Бахтияр в детстве мечтал стать  инженером, архитектором, футболистом и разработчиком видеоигр. На день рождения в подарок хотел бы получить парфюм (мускатный) и коллекционирует бейсболки. Любимыми фильмами являются Боевой конь и Третий лишний, из книг Крестный отец. Мы желаем тебе осуществления всех желаний и целей, чтобы ты обязательно пожил в Сиднее или Мельбурне, всегда был полон сил и энергии, прожил долгую счастливую жизнь."
"ДАУМБАЕВА Гульмира Кинжитаевна","2000-05-05","С днем рождения, Гульмира! #интересныефакты Даумбаева Гульмира считает своими достоинствами умение смешить людей своей нелепостью, добрая иногда, танцор диско, то биж не стеснительная, а недостатками обидчивость, эгоизм и страхи. Хотела бы развиваться в сфере общественной деятельности и очень любит футбол. На день рождения хотела бы получить путевку в Африку и на необитаемом острове видеть рядом только Абитова Мади.  Мы желаем тебе крепкого здоровья, а все остальное обязательно приложится, будь всегда самой счастливой и самой яркой."
"САҚЫШЕВ Бекзат Шапхатұлы","2000-05-07","С днем рождения, Бекзат! #интересныефакты Сакышев Бекзат своим кумиром считает Марка Цукерберга, хотел бы попробовать свои силы в бизнесе и на день рождения получить 3-х комнатную квартиру в Алматы, но проживать в Манхэттене. Бекзат в детстве мечтал стать пилотом, занимался плаванием (как и сейчас), из авто предпочитает Subaru и BMW. Мы желаем тебе крепкого здоровья, успехов во всех делах, найти время и силы для своего бизнеса и всегда быть на вершине!"
"КАРАБЕКОВА Ляйля Жанабаевна","2000-05-13","С днем рождения, Ляйля! #интересныефакты Карабекова Ляйля в детстве мечтала стать фотомоделью, 6 лет  играла в школьной сборной по баскетболу. Любимой книгой является Грозовой перевал, а любимым фильмом Отпуск по обмену. Ляйля любит восточную музыку и R&B, любит танцевать, читать книги и ходить в кино. На день рождения хотела бы получить машину. Мы поздравляем тебя с твоим днем, желаем тебе исполнения всех твоих желаний и огромного женского счастья!"
"БОЖИМОВА Каламкас Амагелдикызы","2000-05-19","С днем рождения, Каламкас! #интересныефакты Божимова Каламкас мечтала стать лётчиком, в школе была очень активной и занималась баскетболом, волейболом, настольным теннисом, футболом и даже дзюдо. На день рождения хотела бы получить Apple Watch, ну или платье от Victoria Beckham. Любит слушать  rock 'n' roll  и классику, из книг выделила для себя 12 лет рабства и Три товарища. Кама любит свою работу и за возможность смотреть матчи. Мы желаем тебе пополнять свою коллекцию шоколадок, большого женского счастья и сказочной любви."
"БАКЫТКАРИМОВ Жасулан Талгатович","2000-05-25","С днем рождения, Жасулан! #интересныефакты Бакыткаримов Жасулан считает своим кумиром Отца. В детстве занимался футболом и боксом, из автомобилей предпочитает Mercedes. Жасулану нравится книга Дейла Карнеги «Как завоёвывать друзей и оказывать влияние на людей», так как она мотивирует. На необитаемом острове хотел бы оказаться “Естественно с молодыми девушками”.  Мы желаем тебе осуществления всех желаний, яркой и счастливой жизни, незабываемых впечатлений и успехов во всех начинаниях."
"КРАВЧУК Сергей Валерьевич","2000-05-28","С днем рождения, Сергей! #интересныефакты Кравчук Сергей хотел бы проживать в г. Шымкент и болеет за ФК Пахтакор. Успешно коллекционирует билеты с кино и очень любит смотреть сериалы. Еще он любит книгу Цветы для Элджея, которую наверное написал он сам. Назвать свои недостатки и достоинства Сергей очень затрудняется. Мы желаем тебе гармонии с собой и с окружающей тебя средой, чтобы твоя любимая команда всегда была на вершине пьедестала и радовала тебя, чтобы жизнь твоя была сказочной и яркой."
"САПАРОВА Медина Ибраевна","2000-05-31","С днем рождения, Медина! #интересныефакты Сапарова Медина считает что, все что подарено с душой и любовью является лучшим подарком. Медина хотела бы проживать в Сингапуре или Пуэрто-Рико, любит книги и музыку разных жанров, наверное потому что хорошее можно найти во всем. Любит работу за тесное знакомство со спортом и за хороших коллег.  Пессимизм считает своим минусом. Мы желаем тебе крепкого здоровья, Успехов, счастья и много поводов для радости! Пусть всегда рядом будут достойные тебя люди."
"МИРЗАХМЕДОВ Эльяр Эльмарұлы","2000-06-06","С днем рождения, Эльяр! #интересныефакты МИРЗАХМЕДОВ Эльяр в детстве мечтал сняться в роли Кевина из “Один дома”, сейчас потихоньку учится играть на саксофоне, любит читать статьи, играет в большой теннис и ходит в горы. Ах, да, ещё он искусный фокусник!  Эльяр коллекционирует разноцветные носки, хотел бы проживать в Осло, и так как любит одиночество, на необитаемом острове хотел бы оказаться один. Пусть у тебя сбываются мечты, умножаются возможности, успешно идут все дела и хватает сил и энергии для новых свершений!"
"КОНЫСБАЙ Нурсултан Багланович","2000-06-12","С днем рождения, Нурсултан! #интересныефакты Конысбай Нурсултан мечтал в детстве стать президентом, занимался дзюдо, самбо и рукопашным боем. Работу свою любит за хороший коллектив и а день рождения хотел бы получить 99 000 000 долларов США. Волшебник изумрудного города  - это первая книга, которая привила любовь к книгам, и которая по сей день является одной из самых любимых.  Желаем всегда уверенно идти к вершинам успеха, а ещё нервов, как канаты, здоровья, как скала. Пусть в твою роскошную жизнь приходят шикарные возможности."
"КОРГАНОВ Ерзат Мухтарвич","2000-06-13","С днем рождения, Ерзат! #интересныефакты Корганов Ерзат кумиром считает своего брата, мечтал стать пилотом F1 и коллекционирует деньги. Ерзат хотел бы проживать в Гонолулу слушая Chillhop, jazzhop, instrumental, orchestra music. Список Шиндлера, Жизнь Дэвида Гэйла - это любимые фильмы,любит читать детективы, особенно книги Дэна Брауна. Мы желаем тебе, чтобы твое увлечение разработок приложений переросло в прибыльное хобби. Пусть твой дом наполняет счастье и тепло, твою душу — гармония и спокойствие. В сердце пускай живет любовь, в мыслях — позитив."
"ИМАНБАЕВ Данияр Ракымович","2000-06-27","С днем рождения, Данияр! #интересныефакты Иманбаев Данияр увлекается живописью, художественной литературой, боксом и теннисом. Коллекционирует монеты, хотел бы проживать в Нью-Йорке и мечтал стать астронавтом. Кумирами своими считает Р. Федерера и М. Пакьяо. Пусть душа расцветает с каждым днём, пусть сердце питает любовь и радость. И пусть каждый миг, каждый день, каждый год приносит только счастье!"
"УМИРЗАКОВ Олжас Бакитжанович","2000-06-29","С днем рождения, Олжас! #интересныефакты Умирзаков Олжас является магистром естествознания и КМС по водному поло. Своим кумиром считает Геннадия Головкина, Любит фильм Криминальное чтиво и хочет в подарок 3-х комнатную Квартиру в Apple town. Олжас увлекается баскетболом, боксом, дотой и  Javascript. Желаем, чтобы удача и успех всегда были твоими верными спутниками на длинном жизненном пути. Пусть здоровье будет крепким, мысли — ясными, а радость — нескончаемой."
"ТШАНОВ Олжас Джамбулович","2000-07-01","С днем рождения, Олжас!"
"МӘДЕНОВ Әділет Қайратұлы","2000-07-05","С днем рождения, Әділет!"
"НУРКЕНОВ Нурсултан Нурланович","2000-07-07","С днем рождения, Нурсултан!"
"АХМЕТОВ Жасұлан Ғалымжанұлы","2000-07-13","С днем рождения, Жасұлан! #интересныефакты Ахметов Жасулан в детстве кумиром считал Д.Бэкхэма и хотел стать прокурором. Любит футбол и соответственно свою работу. Нью-Йорк идеальный город для Жасулана, а идеальным подарком является новый Lexus. Желаем никогда не останавливаться на достигнутом. Удачи в познании новых идей, саморазвития и стремления только к самому лучшему!"
"БЕРИКОВ Алишер Маратович","2000-07-13","С днем рождения, Алишер! #интересныефакты Бериков Алишер хочет иметь супер-способность читать мысли окружающих и управлять их сознанием. Любимыми праздниками считает день, когда родился и день, когда понял зачем и для чего родился. Самые смелые поступки Алишера - спасение котенка и драка с мертвецом, список пополнился бы участием в митинге, но в этот день у него была смена. На работе Алишер хотел бы встретить свою любовь. Удачи тебе во всех начинаниях, исполнения желаний, всегда светлого и хорошего настроения, веры в себя и продвижения к своим целям."
"ЖАКСЫЛЫК Еркебулан Ерланович","2000-07-16","С днем рождения, Еркебулан! #интересныефакты Жаксылык Еркебулан хотел бы проживать в Барселоне и развивать себя в сфере аналитики. Своими сильными качествами считает добросовестность, трудолюбие и целеустремленность, а недостатками нетерпеливость, самоуверенность и то, что он соня. Любимым фильмом Еркебулана является 1+1.  Мы желаем тебе прекрасного здоровья, больше улыбок и в праздники, и в будни, и пусть каждый день будет наполнен счастьем и теплом."
"КАБДИКАРИМОВ Едил Кайратович","2000-07-17","С днем рождения, Едил! @интересныефакты Кабдикаримов Едил в детстве занимался боксом и футболом,  мечтал стать брокером, хочет попробовать свои силы в общественной деятельности и увлечение футболом не бросал никогда. В подарок не прочь получить Camry 50-55. Мы искренне желаем тебе крепкого здоровья, верных и преданных друзей, безграничного счастья, безразмерных доходов, сумасшедшей любви и побольше радостных дней! Хорошего тебе настроения и отличного праздника!"
"МАРАТОВ Шынгыс Ерланулы","2000-07-17","С днем рождения, Шынгыс! #интересныефакты Маратов Шынгыс считает своим кумиром Конора Макгрегора, с детства мечтал стать миллиардером и на день рождения хочет получить 1000000000$. Любимой книгой Шынгыса является Колобок, а проживать он хотел бы в Дубае. в дальнейшем хочет развиваться в сфере IT. От всей души желаем много-много счастья, бодрости, здоровья, любви, красоты рассветов и закатов, вечной молодости в душе и всех благ!"
"ЖЕБЕГЕНОВ Әлішер Маратұлы","2000-07-21","С днем рождения, Әлішер! #интересныефакты Жебегенов Алишер коллекционирует тарелки и проживать хотел бы в Сиэтле. В детстве занимался футболом, баскетболом, настольным теннисом и боксом, сейчас так же увлекается спортом и интеллектуальными играми. Любимая книга Алишера - “Шантарам”. Пусть ничто не мешает сбываться твоим мечтам. Желаем быть в гармонии с собой, всегда иметь время на любимое занятие и единомышленников, которые поддержат тебя в любых начинаниях, даже в чудачествах. Удачи тебе, успеха и здоровья."
"Кувондикова Балжан","2000-07-29","С днем рождения, Балжан! #интересныефакты Кувондикова Балжан своим самым смелым поступком считает соло поездку на на Аляску в 18 лет. При возможности вернуться в прошлое, попала в 2010 год. Балжан хотела бы организовать с коллегами субботник в горах и всячески поддерживать экоактивистов. Лучший полученный подарок не может, худшим же были пластмассовые розы. У Балжан очень хорошая память, но зла она никогда не запоминает. Желаем, чтобы каждый день жизни был наполнен легкостью, здоровьем, новыми возможностями, любовью, искренностью и успехом."
"Избасарова Жания","2000-08-01","С днейм рождения, Жания! #интересныефакты Избасарова Жания придерживается в жизни девиза- Творить добро, любить, учиться, познавать; и хотела бы обладать суперспособностью вылечить всех, кто в этом нуждается. В свой свободный день предпочла бы рисовать и путешествовать, и своим лучшим подарком считает жизнь, воспитание и опыт, а из вещей смартфон. Жания готова к переменам, и в первую очередь хотела бы стать более открытой и общительной. Мы желаем тебе осуществления всех твоих желаний, ярких и счастливых моментов, вдохновения, сил и большого счастья."
"КУДИЯРОВ Бекарыс Дарханович","2000-08-01","С днем рождения, Бекарыс! #интересныефакты Кудияров Бекарыс мечтал стать футболистом и кумиром считает Д.Бэкхема. Хочет развиваться в сфере IT, увлекается компьютерными играми. Бекарыс в подарок хотел бы получить большой дом. Мы желаем чтобы у тебя был насыщенный добрыми событиями жизненный путь, чтобы в твоем окружении были достойные тебя люди и ты покорил все намеченные вершины."
"БЕКЕН Жамила Мейрхановна","2000-08-02","С днем рождения, Жамила! #интересныефакты Бекен Жамила своим кумиром считает Маму, увлекается дизайном и всем, что с ним связано, игрой на фортепиано и силовыми тренировками. Любимая книга Жамили Граф Монте Кристо, роман Александра Дюма, в романе описывается все, зло, добро, храбрость, целеустремленность, жажда доказать о своей невиновности и месть. Жамила коллекционирует открытки и наклейки и считает, что Нью-Йорк или Лос-Анджелес больше всего подходят для проживания. Мы желаем тебе успехов в работе, в увлечениях и творчестве. Большого женского счастья, крепкого здоровья и прекрасных людей рядом на протяжении всей жизни."
"SERGEI GULKO","2000-08-02","С днем рождения, SERGEI!"
"САҒЫМБАЕВ Бекжан Қалабайұлы","2000-08-04","С днем рождения, Бекжан! #интересныефакты Сагымбаев Бекжан мечтал стать космонавтом, занимался рукопашными боями и, кумиром считает своего отца и хочет развиваться в сфере IT. “В погоне за счастьем” любимый фильм, “Побег из тюрьмы” любимый сериал. Бекжан увлекается футболом, книгами про психологию и поэзией. Любимая книга “Психология влияния” Роберта Чалдини. Мы желаем тебе всячески развивать все свои интересы, чтобы ты наполнял жизнь яркими воспоминаниями и был счастлив всегда и везде."
"Роман Рыков","2000-08-07","С днем рождения, Роман Рыков!"
"КУРАЛБЕКОВА Ляззат Берикбаевна","2000-08-11","С днем рождения, Ляззат! #интересныефакты Куралбекова Ляззат мечтала стать военнослужащей в детстве, занималась баскетболом и любит активный отдых. Ляззат нравятся авто марок Toyota, Lexus , она не является фанатом определенной команды, так как она за интересную игру. На день рождения хотела бы получить - хорошего настроения от своих гостей. Пусть жизнь будет наполнена положительными эмоциями, верными друзьями, радостными днями. Ярких, светлых, счастливых тебе событий!"
"ARTJOM VARFOLOMEJEV","2000-08-11","С днем рождения, ARTJOM VARFOLOMEJEV!"
"ТУРАРОВА Мунира Темиржановна","2000-08-15","С днем рождения, Мунира! #интересныефакты Турарова Мунира мечтала стать актрисой в детстве, сейчас увлекается детским образованием, особенно начальной стадией. Мунира предпочитает слушать поп-музыку и идеальным городом для себя считает Нью-Йорк. Работу она особенно любит за возможности. Мы желаем  тебе яркого позитивного настроения, высоких достижений, душевной гармонии, процветания, крепкого здоровья, успехов во всём! Удачи в познании новых идей, саморазвития и стремления только к самому лучшему!"
"Евгений Реботунов","2000-08-15","С днем рождения, Евгений Реботунов! #интересныефакты Евгений Реботунов занимался карате, боксом, гимнастикой и кикбоксингом, увлекается футболом, картами, рисованием и изучением программ. Евгениий болеет за Манчестер Юнайтед, любит слушать лирический реп и если бы была возможность выпить чашку кофе со знаменитостью, пригласил бы Джереми Реннера , Уилл Смита , Роберта Киосаки. В этот день хотим пожелать побольше здоровья, безумного счастья, любви бесконечной и безупречных побед. Пусть ожидания не будут долгими, дорога будет без препятствий, работа не в тягость, а жизнь в наслаждение!"
"Кемел Кыз-Жибек","2000-08-18","С днем рождения, Кыз-Жибек! #интересныефакты Кемел Кыз-Жибек лучшим своим подарком считает рождение племянника в день ее рождения, а своей миссией - Быть счастливой. Самый смелый поступок - это побег из дома. Портрет Дориана Грея - одна из любимых книг, и если бы у нее была возможность весь день заниматься чем захочется - она читала бы книгу.  Пусть каждый день будет полон веселья и драйва! Смело воплощай все свои идеи! И пусть любая твоя мечта исполнится!"
"САРСЕ Шолпан Куанышбаевна","2000-08-19","С днем рождения, Шолпан! #интересныефакты Сарсе Шолпан коллекционирует пески с разных пляжей мира, хотела бы проживать в Барселоне. Любит книгу Маленький принц, не детская сказка для детей, любит в музыке  жанр поп и рэгги. На день рождения хочет получить путевку в Боливию. Пусть жизнь будет наполнена положительными эмоциями, верными друзьями, радостными днями. Ярких, светлых, счастливых тебе событий!"
"АСЕМБАЕВА Айнур Кажымуратовна","2000-08-21","С днем рождения, Айнур! #интересныефакты Асембаева Айнур увлекается рукодельем, на день рождения хотела бы получить что-нибудь из золота и мечтала стать бухгалтером в детстве. Любит фильм Сумерки и классическую музыку. Работу свою любит за коллектив и болеест за ФК Барселону.  Пусть в душе всегда царит мир, в сердце ― доброта, а в делах ― мудрость, в любви ― взаимность. Пусть судьба будет благосклонна к тебе, даря радость жизни, неизменную удачу, верных и надежных друзей!"
"ДЖУМАГАЛИЕВ Алексей Нурланович","2000-08-25","С днем рождения, Алексей! #интересныефакты Джумагалиев Алексей хочет проживать в Ванкувере, является фанатом Арсенала. Любимой книгой является Темная башня Стивена Кинга, любимым фильмом Назад в будущее, в музыке же особых предпочтений нет, он меломан. Алексей не любит подарки. Желаем невероятной жизненной силы, положительно заряженной энергии, уверенности в себе и несомненного благополучия в жизни."
"Орынбасаров Ильяс","2000-08-25","С днем рождения, Ильяс! #интересныефакты Орынбасаров Ильяс одним из своих достижений считает получение образования в Китае, а самым смелым решением - поездку в страну учиться, не зная языка, культуры и многого об этой стране. Ильяс свою жизнь считает лучшим своим подарком и придерживается девиза - делать все так, чтобы завтра не было стыдно. А еще он умеет жонглировать тремя мячами.Желаем, чтобы жизнь была полна приятными событиями, блестящими идеями и настоящими победами! Пусть твоя душа светится от позитива и хорошего настроения!"
"Буркин Артём","2000-08-26","С днем рождения, Артём! #интересныефакты Буркин Артём коллекционирует карты городов, слушает хип-хоп и рок, и работу свою любит за коллектив. Он бы с коллегами охотно организовал совместный отдых. Из писателей предпочитает творчество Достоевского, особенно преступление и Наказание. Артём в детстве занимался футболом и мечтал стать космонавтом. Желаем, чтобы на жизненном пути тебя всегда сопровождали успех, удача и везение, чтобы тебе всегда хватало сил, здоровья и терпения покорять все преграды. Пусть выбранный маршрут приведет тебя к любви, счастью и процветанию."
"Суюнов Самат","2000-08-28","С днем рождения, Самат! #интересныефакты Суюнов Самат любит праздник - Наурыз, из еды предпочитает плов и если бы у него была возможность, он бы хотел попасть аж в 1500 год. Самат придерживается девиза - сделай все, что от тебя зависит и хотел бы организовать турнир по настольному теннису среди коллег. Желаем тебе побольше вдохновения и энергии. Пускай все, за что бы ты не взялся, имеет успешный финал. Здоровья крепкого и большого везения."
"ПОГОРЕЛОВА Алла Николаевна","2000-08-31","С днем рождения, Алла! #интересныефакты Погорелова Алла коллекционирует магниты с разных уголков мира, хотела бы проживать в Санкт - Петербурге и получит в подарок квартиру. Алла в детстве мечтала стать врачом и занималась катанием на лыжах. Желаем, чтобы с этого дня началась бесконечная белая полоса в жизни! Вдохновения и желания, силы и мудрости, здоровья и гармонии, энергии и улыбок, радости и веселья, достатка и успеха, любви и верности."
"САГАНДЫКОВ Диас Нурланович","2000-08-31","С днем рождения, Диас! #интересныефакты Сагандыков Диас в детстве мечтал стать космонавтом, кумиром считает своего отца и хотел бы развивать себя в мировой политике проживая в Бостоне. Любимой книгой является Как завоевать друзей? Дейла Карнеги, которая помогла ему распознавать настоящую дружбу и научила прощаться с кем надо. Желаем побольше новых возможностей, интересных проектов и успешной их реализации. Пусть жизнь приносит тебе любовь и вдохновение. Пусть у тебя будет достаточно сил, чтобы принять их в полной мере, а главное, использовать во благо."
"КАРИПБАЕВ Еркебулан Оспаналыулы","2000-09-01","С днем рождения, Еркебулан!"
"КУЛЬБАЕВ Копжасар Муратович","2000-09-05","С днем рождения, Копжасар!"
"КЕРІМҚҰЛҰЛЫ Медет","2000-09-08","С днем рождения, Медет!"
"СЕЛИВЕРСТОВА Алеся Александровна","2000-09-08","С днем рождения, Алеся!"
"СЕМБЕКОВА Асем Мурашкызы","2000-09-09","С днем рождения, Асем!"
"БУРАНКУЛОВ Нурлан","2000-09-14","С днем рождения, Нурлан!"
"ТОКТАРБЕКОВ Сапар Фархатович","2000-09-15","С днем рождения, Сапар!"
"БАКЫБЕКОВ Галым Догдырбекулы","2000-09-16","С днем рождения, Галым!"
"ИВАНОВ Кирилл Евгеньевич","2000-09-18","С днем рождения, Кирилл!"
"ТОХТАХУНОВА Азиза Мухтаровна","2000-09-19","С днем рождения, Азиза!"
"ТАНКОВ Артём Павлович","2000-09-21","С днем рождения, Артём!"
"БАЙБЕК Әмина Тұрсынбайқызы","2000-09-22","С днем рождения, Амина!"
"ИМАНГАЛЫЕВ Нурали Мухаммедович","2000-09-23","С днем рождения, Нурали!"
"МУСАИТОВ Беслан Вахович","2000-10-02","С днем рождения, Беслан!"
"НУРМУХАНОВА Жанар Мэлсовна","2000-10-08","С днем рождения, Жанар!"
"КАЛНАЗАРОВ Алибек Асылбекович","2000-10-19","С днем рождения, Алибек!"
